-- =====================================================================
-- SWAMEDIA PROJECT WEBSITE PORTAL — SKEMA DATABASE v2
-- =====================================================================
-- Database   : PostgreSQL
-- Tanggal    : 11 Juli 2026
-- Sifat      : Skema baru (fresh build), bukan migrasi dari database lama.
-- Acuan      : PRD Swamedia Project Website Portal v2.0
--
-- Catatan eksekusi:
--   - Jalankan seluruh file ini dalam satu transaksi pada database kosong.
--   - Urutan CREATE mengikuti dependensi Foreign Key.
--   - Seluruh tabel memakai pola audit standar: created_at, created_by,
--     updated_at, updated_by, is_deleted (soft delete) — kecuali tabel
--     yang secara eksplisit bersifat append-only (saldo_awal_kas, audit_log).
-- =====================================================================

BEGIN;

-- =====================================================================
-- BAGIAN A — MASTER / REFERENSI (tanpa dependensi)
-- =====================================================================

-- ---------------------------------------------------------------------
-- A1. UNIT ORGANISASI
--     tipe_unit TIDAK disimpan sebagai kolom — dihitung via v_unit
--     (unit yang punya child = STRUKTURAL, leaf = OPERASIONAL).
-- ---------------------------------------------------------------------
CREATE TABLE public.unit (
    id              bigint GENERATED BY DEFAULT AS IDENTITY PRIMARY KEY,
    nama_unit       varchar(100) NOT NULL,
    kode_unit       varchar(20)  NOT NULL,
    parent_unit_id  bigint,
    status          varchar(20)  NOT NULL DEFAULT 'AKTIF',
    created_at      timestamp    NOT NULL DEFAULT now(),
    created_by      varchar(100) NOT NULL,
    updated_at      timestamp,
    updated_by      varchar(100),
    is_deleted      boolean      NOT NULL DEFAULT false,
    CONSTRAINT uq_unit_kode_unit UNIQUE (kode_unit),
    CONSTRAINT uq_unit_nama_unit UNIQUE (nama_unit),
    CONSTRAINT unit_parent_fkey FOREIGN KEY (parent_unit_id) REFERENCES public.unit(id),
    CONSTRAINT ck_unit_status CHECK (status IN ('AKTIF','TIDAK_AKTIF'))
);

INSERT INTO public.unit (id, nama_unit, kode_unit, parent_unit_id, created_by) OVERRIDING SYSTEM VALUE VALUES
(1,  'Direktur Utama',                                        'DIRUT',  NULL, 'system'),
(2,  'Direktur Business Development & General Affair',        'BDGA',   1,    'system'),
(3,  'Direktur Enterprise Business Solutions & Human Capital','EBISHC', 1,    'system'),
(4,  'Marketing & Sales',                                     'MKT',    2,    'system'),
(5,  'Project Management Office (PMO)',                       'PMO',    3,    'system'),
(6,  'Digital Ecosystem Solutions',                          'DES',    3,    'system'),
(7,  'Billing System Solutions',                             'BILL',   3,    'system'),
(8,  'Strategic Enterprise Solution',                        'SES',    3,    'system'),
(9,  'Product Operational Support',                          'POS',    3,    'system'),
(10, 'Human Capital',                                        'HC',     3,    'system'),
(11, 'Finance',                                              'FIN',    1,    'system'),
(12, 'Service Delivery',                                     'SD',     8,    'system'),
(13, 'Strategic Enablement',                                 'SE',     8,    'system');

SELECT setval(pg_get_serial_sequence('public.unit','id'), 13);

-- ---------------------------------------------------------------------
-- A2. MASTER JABATAN (informatif; TIDAK menentukan hak akses)
-- ---------------------------------------------------------------------
CREATE TABLE public.jabatan_master (
    id                bigint GENERATED BY DEFAULT AS IDENTITY PRIMARY KEY,
    nama_jabatan      varchar(100) NOT NULL,
    kategori          varchar(50)  NOT NULL,
    unit_terkait_id   bigint,
    is_kombinasi_unit boolean      NOT NULL DEFAULT false,
    status            varchar(20)  NOT NULL DEFAULT 'AKTIF',
    created_at        timestamp    NOT NULL DEFAULT now(),
    created_by        varchar(100) NOT NULL,
    CONSTRAINT uq_jabatan_master_nama UNIQUE (nama_jabatan),
    CONSTRAINT ck_jabatan_master_status CHECK (status IN ('AKTIF','TIDAK_AKTIF')),
    CONSTRAINT jabatan_master_unit_fkey FOREIGN KEY (unit_terkait_id) REFERENCES public.unit(id)
);

INSERT INTO public.jabatan_master (nama_jabatan, kategori, created_by) VALUES
('Direktur Utama', 'Direksi', 'system'),
('Direktur Business Development & General Affair', 'Direksi', 'system'),
('Direktur Enterprise Business Solutions & Human Capital', 'Direksi', 'system'),
('Manager Marketing & Sales', 'Manager & Lead', 'system'),
('Manager Digital Ecosystem Solutions', 'Manager & Lead', 'system'),
('Manager Billing System Solutions', 'Manager & Lead', 'system'),
('Manager Strategic Enterprise Solution', 'Manager & Lead', 'system'),
('HC Lead', 'Manager & Lead', 'system'),
('Product Operational Support Lead', 'Manager & Lead', 'system'),
('Service Delivery Lead', 'Manager & Lead', 'system'),
('Strategic Enablement Lead', 'Manager & Lead', 'system'),
('Project Manager Officer', 'Project Management', 'system'),
('Project Coordinator', 'Project Management', 'system'),
('PMO Intern', 'Project Management', 'system'),
('System Analyst', 'Engineering & Development', 'system'),
('Frontend Developer', 'Engineering & Development', 'system'),
('Backend Developer', 'Engineering & Development', 'system'),
('Middleware Developer', 'Engineering & Development', 'system'),
('Senior Middleware Developer', 'Engineering & Development', 'system'),
('Mobile Developer', 'Engineering & Development', 'system'),
('Database Developer', 'Engineering & Development', 'system'),
('Developer', 'Engineering & Development', 'system'),
('UI/UX Designer', 'Engineering & Development', 'system'),
('Software Tester', 'Engineering & Development', 'system'),
('Technical Writer', 'Engineering & Development', 'system'),
('IT Operation and Maintenance', 'IT Operations', 'system'),
('IT Support', 'IT Operations', 'system'),
('Technical Support', 'IT Operations', 'system'),
('Finance', 'Business & Human Capital', 'system'),
('Marketing', 'Business & Human Capital', 'system'),
('Account Executive', 'Business & Human Capital', 'system'),
('Talent Acquisition', 'Business & Human Capital', 'system'),
('People Experience', 'Business & Human Capital', 'system'),
('Driver', 'General Affairs', 'system'),
('Office Boy', 'General Affairs', 'system'),
('STTW', 'Lainnya', 'system');
INSERT INTO public.jabatan_master (nama_jabatan, kategori, is_kombinasi_unit, created_by) VALUES
('Assistant Manager', 'Manager & Lead', true, 'system');

-- ---------------------------------------------------------------------
-- A3. MASTER PROJECT ROLE (peran dalam proyek; beda dari Jabatan & RBAC)
-- ---------------------------------------------------------------------
CREATE TABLE public.project_role_master (
    id         bigint GENERATED BY DEFAULT AS IDENTITY PRIMARY KEY,
    nama_role  varchar(50)  NOT NULL,
    status     varchar(20)  NOT NULL DEFAULT 'AKTIF',
    created_at timestamp    NOT NULL DEFAULT now(),
    created_by varchar(100) NOT NULL,
    CONSTRAINT uq_project_role_master_nama UNIQUE (nama_role),
    CONSTRAINT ck_project_role_master_status CHECK (status IN ('AKTIF','TIDAK_AKTIF'))
);

INSERT INTO public.project_role_master (nama_role, created_by) VALUES
('Backend Developer', 'system'),
('Frontend Developer', 'system'),
('Mobile Developer', 'system'),
('Middleware Developer', 'system'),
('Senior Middleware Developer', 'system'),
('Database Developer', 'system'),
('Software Tester', 'system'),
('System Analyst', 'system'),
('IT Operation and Maintenance', 'system'),
('IT Support', 'system'),
('Technical Support', 'system'),
('Technical Writer', 'system'),
('UI/UX Designer', 'system'),
('Project Coordinator', 'system'),
('Project Manager Officer', 'system');

-- ---------------------------------------------------------------------
-- A4. INDUSTRI (sektor bisnis customer)
-- ---------------------------------------------------------------------
CREATE TABLE public.industri (
    id         bigint GENERATED BY DEFAULT AS IDENTITY PRIMARY KEY,
    kode       varchar(20)  NOT NULL,
    nama       varchar(100) NOT NULL,
    created_at timestamp    NOT NULL DEFAULT now(),
    created_by varchar(100) NOT NULL,
    updated_at timestamp,
    updated_by varchar(100),
    is_deleted boolean      NOT NULL DEFAULT false,
    CONSTRAINT uq_industri_kode UNIQUE (kode)
);

INSERT INTO public.industri (kode, nama, created_by) VALUES
('IND-BANK',  'Perbankan', 'system'),
('IND-TELKO', 'Telekomunikasi', 'system'),
('IND-GOV',   'Pemerintahan', 'system'),
('IND-MNFG',  'Manufaktur', 'system'),
('IND-ENER',  'Energi', 'system'),
('IND-HLTH',  'Kesehatan', 'system'),
('IND-EDUC',  'Pendidikan', 'system'),
('IND-RETL',  'Ritel', 'system'),
('IND-FINT',  'Financial Technology', 'system'),
('IND-LOGIS', 'Logistik', 'system');

-- ---------------------------------------------------------------------
-- A5. KATEGORI SURAT
-- ---------------------------------------------------------------------
CREATE TABLE public.kategori_surat (
    id         bigint GENERATED BY DEFAULT AS IDENTITY PRIMARY KEY,
    kode       varchar(10)  NOT NULL,
    nama       varchar(150) NOT NULL,
    status     varchar(20)  NOT NULL DEFAULT 'AKTIF',
    is_default boolean      NOT NULL DEFAULT false,
    created_at timestamp    NOT NULL DEFAULT now(),
    created_by varchar(100) NOT NULL,
    updated_at timestamp,
    updated_by varchar(100),
    is_deleted boolean      NOT NULL DEFAULT false,
    CONSTRAINT uq_kategori_surat_nama UNIQUE (nama),
    CONSTRAINT ck_kategori_surat_kode CHECK (kode ~ '^DR-[0-9]{2}$'),
    CONSTRAINT ck_kategori_surat_status CHECK (status IN ('AKTIF','TIDAK_AKTIF'))
);

INSERT INTO public.kategori_surat (kode, nama, is_default, created_by) VALUES
('DR-01', 'Surat Keputusan', true, 'system'),
('DR-02', 'SPH', true, 'system'),
('DR-03', 'SPPH', true, 'system'),
('DR-04', 'Surat Kesanggupan / Perform Bond', true, 'system'),
('DR-05', 'Surat Penagihan', true, 'system'),
('DR-06', 'Proposal / Surat Perkenalan / Bid Bond', true, 'system'),
('DR-07', 'Progress Report / Berhubungan dgn Project', true, 'system'),
('DR-08', 'Surat Keterangan / Surat Kuasa / Karyawan', true, 'system'),
('DR-09', 'Surat Kontrak Kerja / PO / MoU', true, 'system');

-- ---------------------------------------------------------------------
-- A6. KATEGORI FINANSIAL KELUAR (dipakai Pembayaran & Pengeluaran)
-- ---------------------------------------------------------------------
CREATE TABLE public.kategori_finansial_keluar (
    id         bigint GENERATED BY DEFAULT AS IDENTITY PRIMARY KEY,
    kode       varchar(20)  NOT NULL,
    nama       varchar(100) NOT NULL,
    status     varchar(20)  NOT NULL DEFAULT 'AKTIF',
    created_at timestamp    NOT NULL DEFAULT now(),
    created_by varchar(100) NOT NULL,
    CONSTRAINT uq_kategori_finansial_keluar_kode UNIQUE (kode),
    CONSTRAINT ck_kategori_finansial_keluar_status CHECK (status IN ('AKTIF','TIDAK_AKTIF'))
);

-- ---------------------------------------------------------------------
-- A7. RESOURCE TAGS
-- ---------------------------------------------------------------------
CREATE TABLE public.resource_tags (
    id         bigint GENERATED BY DEFAULT AS IDENTITY PRIMARY KEY,
    kode       varchar(30)  NOT NULL,
    nama       varchar(100) NOT NULL,
    unit_id    bigint,
    deskripsi  text,
    status     varchar(20)  NOT NULL DEFAULT 'AKTIF',
    created_at timestamp    NOT NULL DEFAULT now(),
    created_by varchar(100) NOT NULL,
    updated_at timestamp,
    updated_by varchar(100),
    is_deleted boolean      NOT NULL DEFAULT false,
    CONSTRAINT uq_resource_tags_kode_unit UNIQUE (kode, unit_id),
    CONSTRAINT resource_tags_unit_fkey FOREIGN KEY (unit_id) REFERENCES public.unit(id),
    CONSTRAINT ck_resource_tags_status CHECK (status IN ('AKTIF','TIDAK_AKTIF'))
);

-- ---------------------------------------------------------------------
-- A8. TAGS (untuk proyek)
-- ---------------------------------------------------------------------
CREATE TABLE public.tags (
    id         bigint GENERATED BY DEFAULT AS IDENTITY PRIMARY KEY,
    kode       varchar(30)  NOT NULL,
    nama       varchar(100) NOT NULL,
    unit_id    bigint,
    created_at timestamp    NOT NULL DEFAULT now(),
    created_by varchar(100) NOT NULL,
    updated_at timestamp,
    updated_by varchar(100),
    is_deleted boolean      NOT NULL DEFAULT false,
    CONSTRAINT uq_tags_kode_unit UNIQUE (kode, unit_id),
    CONSTRAINT tags_unit_fkey FOREIGN KEY (unit_id) REFERENCES public.unit(id)
);

-- ---------------------------------------------------------------------
-- A9. SYS CONFIG (key-value global)
-- ---------------------------------------------------------------------
CREATE TABLE public.sys_config (
    key        varchar(100) PRIMARY KEY,
    value      text,
    deskripsi  varchar(255),
    updated_at timestamp,
    updated_by varchar(100)
);

INSERT INTO public.sys_config (key, value, deskripsi) VALUES
('prefix_kode_proyek',     'PRJ',                'Prefix kode proyek'),
('prefix_nomor_surat',     'SK',                 'Prefix nomor surat'),
('format_tanggal',         'DD/MM/YYYY',         'Format tampilan tanggal'),
('format_mata_uang',       'IDR',                'Format mata uang'),
('notif_team_member_aktif','true',               'Aktifkan email notifikasi penugasan team member'),
('notif_max_kirim_menit',  '1',                  'Maks. waktu kirim email (menit)'),
('notif_email_pengirim',   'no-reply@swamedia.co.id', 'Alamat email pengirim'),
('scim2_url',              'https://iam.apicentrum.biz.id/scim2/Users', 'Endpoint SCIM2 IS'),
('jadwal_reconciliation',  '02:00',              'Jadwal reconciliation harian dgn IS'),
('last_sync_at',           NULL,                 'Timestamp sinkronisasi terakhir'),
('last_sync_status',       NULL,                 'Status sinkronisasi terakhir'),
('nama_aplikasi',          'Swamedia Project Website Portal', 'Nama aplikasi');

-- ---------------------------------------------------------------------
-- A10. USER CACHE (read-only cache dari Identity Server)
-- ---------------------------------------------------------------------
CREATE TABLE public.user_cache (
    subject_id     varchar(100) PRIMARY KEY,
    nama           varchar(150),
    email          varchar(150),
    status         varchar(20),
    sync_source    varchar(50)  DEFAULT 'WSO2_IS',
    last_synced_at timestamp
);

-- ---------------------------------------------------------------------
-- A11. SALDO AWAL KAS (append-only)
-- ---------------------------------------------------------------------
CREATE TABLE public.saldo_awal_kas (
    id         bigint GENERATED BY DEFAULT AS IDENTITY PRIMARY KEY,
    tanggal    date         NOT NULL,
    nilai      numeric(18,2) NOT NULL,
    keterangan text,
    created_at timestamp    NOT NULL DEFAULT now(),
    created_by varchar(100) NOT NULL
    -- append-only: sengaja tanpa updated_at/updated_by/is_deleted
);

-- =====================================================================
-- BAGIAN B — ENTITAS UTAMA
-- =====================================================================

-- ---------------------------------------------------------------------
-- B1. KARYAWAN
-- ---------------------------------------------------------------------
CREATE TABLE public.karyawan (
    id            bigint GENERATED BY DEFAULT AS IDENTITY PRIMARY KEY,
    nik           varchar(50)  NOT NULL,
    nama          varchar(150) NOT NULL,
    jabatan_id    bigint       NOT NULL,
    unit_id       bigint       NOT NULL,
    email         varchar(150),
    no_hp         varchar(30),
    tanggal_masuk date,
    status        varchar(20)  NOT NULL DEFAULT 'AKTIF',
    subject_id    varchar(100),  -- diisi manual: ID user dari IS (nullable; tidak semua karyawan punya akun)
    created_at    timestamp    NOT NULL DEFAULT now(),
    created_by    varchar(100) NOT NULL,
    updated_at    timestamp,
    updated_by    varchar(100),
    is_deleted    boolean      NOT NULL DEFAULT false,
    CONSTRAINT uq_karyawan_nik UNIQUE (nik),
    CONSTRAINT karyawan_jabatan_fkey FOREIGN KEY (jabatan_id) REFERENCES public.jabatan_master(id),
    CONSTRAINT karyawan_unit_fkey FOREIGN KEY (unit_id) REFERENCES public.unit(id),
    CONSTRAINT ck_karyawan_status CHECK (status IN ('AKTIF','TIDAK_AKTIF'))
);

-- ---------------------------------------------------------------------
-- B2. CUSTOMER
--     "Existing" TIDAK disimpan — dihitung (customer punya proyek DEAL_KONTRAK lain).
-- ---------------------------------------------------------------------
CREATE TABLE public.customer (
    id             bigint GENERATED BY DEFAULT AS IDENTITY PRIMARY KEY,
    nama           varchar(150) NOT NULL,
    am_id          bigint,        -- account manager (karyawan)
    industri_id    bigint,
    status_peluang varchar(50)  NOT NULL DEFAULT 'PROSPEK',
    jenis_customer varchar(50),
    created_at     timestamp    NOT NULL DEFAULT now(),
    created_by     varchar(100) NOT NULL,
    updated_at     timestamp,
    updated_by     varchar(100),
    is_deleted     boolean      NOT NULL DEFAULT false,
    CONSTRAINT customer_am_fkey FOREIGN KEY (am_id) REFERENCES public.karyawan(id),
    CONSTRAINT customer_industri_fkey FOREIGN KEY (industri_id) REFERENCES public.industri(id),
    CONSTRAINT ck_customer_status_peluang CHECK (status_peluang IN ('PROSPEK','NEGOSIASI','DEAL','BATAL')),
    CONSTRAINT ck_customer_jenis CHECK (jenis_customer IS NULL OR jenis_customer IN ('ENTERPRISE','BANKING','BUMN','GOVERNMENT'))
);

-- ---------------------------------------------------------------------
-- B3. CONTACT (narahubung customer)
--     tipe_kontak = PERAN kontak, bukan status aktif.
-- ---------------------------------------------------------------------
CREATE TABLE public.contact (
    id          bigint GENERATED BY DEFAULT AS IDENTITY PRIMARY KEY,
    customer_id bigint       NOT NULL,
    nama        varchar(150) NOT NULL,
    jabatan     varchar(100),
    email       varchar(150),
    telepon     varchar(30),
    tipe_kontak varchar(20)  NOT NULL DEFAULT 'AKTIF',
    created_at  timestamp    NOT NULL DEFAULT now(),
    created_by  varchar(100) NOT NULL,
    updated_at  timestamp,
    updated_by  varchar(100),
    is_deleted  boolean      NOT NULL DEFAULT false,
    CONSTRAINT contact_customer_fkey FOREIGN KEY (customer_id) REFERENCES public.customer(id),
    CONSTRAINT ck_contact_tipe_kontak CHECK (tipe_kontak IN ('UTAMA','AKTIF','PROSPEK'))
);

-- ---------------------------------------------------------------------
-- B4. KONTRAK PAYUNG (3 tanggal wajib; status Berlaku computed via view)
-- ---------------------------------------------------------------------
CREATE TABLE public.kontrak_payung (
    id                bigint GENERATED BY DEFAULT AS IDENTITY PRIMARY KEY,
    customer_id       bigint       NOT NULL,
    no_kontrak_payung varchar(50)  NOT NULL,
    nama_kontrak      varchar(150) NOT NULL,
    tanggal_kontrak   date         NOT NULL,
    tanggal_mulai     date         NOT NULL,
    tanggal_selesai   date         NOT NULL,
    created_at        timestamp    NOT NULL DEFAULT now(),
    created_by        varchar(100) NOT NULL,
    updated_at        timestamp,
    updated_by        varchar(100),
    is_deleted        boolean      NOT NULL DEFAULT false,
    CONSTRAINT uq_kontrak_payung_no UNIQUE (no_kontrak_payung),
    CONSTRAINT kontrak_payung_customer_fkey FOREIGN KEY (customer_id) REFERENCES public.customer(id),
    CONSTRAINT ck_kontrak_payung_tanggal CHECK (tanggal_selesai >= tanggal_mulai)
);

-- ---------------------------------------------------------------------
-- B5. KONTRAK PAYUNG - HARGA PER ROLE
-- ---------------------------------------------------------------------
CREATE TABLE public.kontrak_payung_harga_role (
    id                bigint GENERATED BY DEFAULT AS IDENTITY PRIMARY KEY,
    kontrak_payung_id bigint       NOT NULL,
    role_id           bigint       NOT NULL,
    tipe_harga        varchar(20)  NOT NULL,
    nilai             numeric(18,2) NOT NULL,
    keterangan        varchar(255),
    created_at        timestamp    NOT NULL DEFAULT now(),
    created_by        varchar(100) NOT NULL,
    CONSTRAINT kphr_kontrak_fkey FOREIGN KEY (kontrak_payung_id) REFERENCES public.kontrak_payung(id),
    CONSTRAINT kphr_role_fkey FOREIGN KEY (role_id) REFERENCES public.project_role_master(id),
    CONSTRAINT ck_kphr_tipe_harga CHECK (tipe_harga IN ('PER_BULAN','PER_PROJECT'))
);

-- ---------------------------------------------------------------------
-- B6. KONTRAK BIASA
-- ---------------------------------------------------------------------
CREATE TABLE public.kontrak_biasa (
    id                bigint GENERATED BY DEFAULT AS IDENTITY PRIMARY KEY,
    kontrak_payung_id bigint,        -- opsional: kontrak biasa bisa berdiri sendiri
    customer_id       bigint       NOT NULL,
    no_kontrak_biasa  varchar(50)  NOT NULL,
    nama_kontrak      varchar(150) NOT NULL,
    tanggal_kontrak   date         NOT NULL,
    nilai             numeric(18,2),
    created_at        timestamp    NOT NULL DEFAULT now(),
    created_by        varchar(100) NOT NULL,
    updated_at        timestamp,
    updated_by        varchar(100),
    is_deleted        boolean      NOT NULL DEFAULT false,
    CONSTRAINT uq_kontrak_biasa_no UNIQUE (no_kontrak_biasa),
    CONSTRAINT kontrak_biasa_payung_fkey FOREIGN KEY (kontrak_payung_id) REFERENCES public.kontrak_payung(id),
    CONSTRAINT kontrak_biasa_customer_fkey FOREIGN KEY (customer_id) REFERENCES public.customer(id)
);

-- ---------------------------------------------------------------------
-- B7. PROYEK
--     nilai_bersih = nilai_proyek - subkon (generated).
--     tanggal_deal diisi otomatis saat status -> DEAL_KONTRAK.
-- ---------------------------------------------------------------------
CREATE TABLE public.proyek (
    id                    bigint GENERATED BY DEFAULT AS IDENTITY PRIMARY KEY,
    kode_proyek           varchar(50)  NOT NULL,
    customer_id           bigint       NOT NULL,
    industri_id           bigint       NOT NULL,
    unit_id               bigint       NOT NULL,
    kontrak_payung_id     bigint,
    kontrak_biasa_id      bigint,
    nama_proyek           varchar(200) NOT NULL,
    departemen            varchar(100),
    nilai_proyek          numeric(18,2) NOT NULL,
    subkon                numeric(18,2) NOT NULL DEFAULT 0,
    nilai_bersih          numeric(18,2) GENERATED ALWAYS AS (nilai_proyek - subkon) STORED,
    pic_sales_id          bigint       NOT NULL,
    pmo_id                bigint,
    no_kontrak            varchar(100),
    tanggal_kontrak       date,
    tanggal_bast          date,
    tanggal_mulai         date,
    tanggal_deal          date,
    target_selesai        date,
    keterangan_pembayaran text,
    status                varchar(50)  NOT NULL DEFAULT 'INFO_PELUANG',
    tahun                 integer      NOT NULL,
    created_at            timestamp    NOT NULL DEFAULT now(),
    created_by            varchar(100) NOT NULL,
    updated_at            timestamp,
    updated_by            varchar(100),
    is_deleted            boolean      NOT NULL DEFAULT false,
    CONSTRAINT uq_proyek_kode UNIQUE (kode_proyek),
    CONSTRAINT proyek_customer_fkey FOREIGN KEY (customer_id) REFERENCES public.customer(id),
    CONSTRAINT proyek_industri_fkey FOREIGN KEY (industri_id) REFERENCES public.industri(id),
    CONSTRAINT proyek_unit_fkey FOREIGN KEY (unit_id) REFERENCES public.unit(id),
    CONSTRAINT proyek_kontrak_payung_fkey FOREIGN KEY (kontrak_payung_id) REFERENCES public.kontrak_payung(id),
    CONSTRAINT proyek_kontrak_biasa_fkey FOREIGN KEY (kontrak_biasa_id) REFERENCES public.kontrak_biasa(id),
    CONSTRAINT proyek_pic_sales_fkey FOREIGN KEY (pic_sales_id) REFERENCES public.karyawan(id),
    CONSTRAINT proyek_pmo_fkey FOREIGN KEY (pmo_id) REFERENCES public.karyawan(id),
    CONSTRAINT ck_proyek_status CHECK (status IN
        ('INFO_PELUANG','UNDANGAN_PENJELASAN','MEETING_INISIASI','PROSES_PROPOSAL',
         'EVALUASI_ADMIN_TEKNIS','DEAL_KONTRAK','GAGAL')),
    CONSTRAINT ck_proyek_tahun CHECK (tahun BETWEEN 2000 AND 2100)
);

-- ---------------------------------------------------------------------
-- B8. LOG STATUS PROYEK
-- ---------------------------------------------------------------------
CREATE TABLE public.log_status (
    id         bigint GENERATED BY DEFAULT AS IDENTITY PRIMARY KEY,
    proyek_id  bigint       NOT NULL,
    status     varchar(50)  NOT NULL,
    komentar   text,
    tanggal    date         NOT NULL,
    created_at timestamp    NOT NULL DEFAULT now(),
    created_by varchar(100) NOT NULL,
    updated_at timestamp,
    updated_by varchar(100),
    is_deleted boolean      NOT NULL DEFAULT false,
    CONSTRAINT log_status_proyek_fkey FOREIGN KEY (proyek_id) REFERENCES public.proyek(id),
    CONSTRAINT ck_log_status_status CHECK (status IN
        ('INFO_PELUANG','UNDANGAN_PENJELASAN','MEETING_INISIASI','PROSES_PROPOSAL',
         'EVALUASI_ADMIN_TEKNIS','DEAL_KONTRAK','GAGAL'))
);

-- ---------------------------------------------------------------------
-- B9. UNIT SHARE (pembagian nilai proyek antar unit)
-- ---------------------------------------------------------------------
CREATE TABLE public.unit_share (
    id          bigint GENERATED BY DEFAULT AS IDENTITY PRIMARY KEY,
    proyek_id   bigint       NOT NULL,
    unit_id     bigint       NOT NULL,
    nilai_share numeric(18,2) NOT NULL,
    persentase  numeric(5,2),
    created_at  timestamp    NOT NULL DEFAULT now(),
    created_by  varchar(100) NOT NULL,
    updated_at  timestamp,
    updated_by  varchar(100),
    is_deleted  boolean      NOT NULL DEFAULT false,
    CONSTRAINT uq_unit_share_proyek_unit UNIQUE (proyek_id, unit_id),
    CONSTRAINT unit_share_proyek_fkey FOREIGN KEY (proyek_id) REFERENCES public.proyek(id),
    CONSTRAINT unit_share_unit_fkey FOREIGN KEY (unit_id) REFERENCES public.unit(id)
);

-- ---------------------------------------------------------------------
-- B10. TEAM MEMBER (penugasan karyawan ke proyek per periode)
-- ---------------------------------------------------------------------
CREATE TABLE public.team_member (
    id              bigint GENERATED BY DEFAULT AS IDENTITY PRIMARY KEY,
    proyek_id       bigint       NOT NULL,
    karyawan_id     bigint       NOT NULL,
    role_id         bigint       NOT NULL,
    tgl_mulai       date,
    tgl_selesai     date,
    bobot           numeric(5,2),
    keterangan      text,
    undangan_status varchar(20)  NOT NULL DEFAULT 'BELUM_DIKIRIM',
    undangan_sent_at timestamp,
    undangan_sent_by varchar(100),
    created_at      timestamp    NOT NULL DEFAULT now(),
    created_by      varchar(100) NOT NULL,
    updated_at      timestamp,
    updated_by      varchar(100),
    is_deleted      boolean      NOT NULL DEFAULT false,
    CONSTRAINT uq_team_member_proyek_karyawan_periode UNIQUE (proyek_id, karyawan_id, tgl_mulai),
    CONSTRAINT team_member_proyek_fkey FOREIGN KEY (proyek_id) REFERENCES public.proyek(id),
    CONSTRAINT team_member_karyawan_fkey FOREIGN KEY (karyawan_id) REFERENCES public.karyawan(id),
    CONSTRAINT team_member_role_fkey FOREIGN KEY (role_id) REFERENCES public.project_role_master(id),
    CONSTRAINT ck_team_member_periode CHECK (tgl_selesai IS NULL OR tgl_mulai IS NULL OR tgl_selesai >= tgl_mulai),
    CONSTRAINT ck_team_member_undangan CHECK (undangan_status IN ('BELUM_DIKIRIM','TERKIRIM','GAGAL'))
);

-- ---------------------------------------------------------------------
-- B11. PROYEK TAGS (many-to-many proyek <-> tags)
-- ---------------------------------------------------------------------
CREATE TABLE public.proyek_tags (
    proyek_id bigint NOT NULL,
    tags_id   bigint NOT NULL,
    CONSTRAINT proyek_tags_pkey PRIMARY KEY (proyek_id, tags_id),
    CONSTRAINT proyek_tags_proyek_fkey FOREIGN KEY (proyek_id) REFERENCES public.proyek(id),
    CONSTRAINT proyek_tags_tags_fkey FOREIGN KEY (tags_id) REFERENCES public.tags(id)
);

-- =====================================================================
-- BAGIAN C — FINANSIAL
-- =====================================================================

-- ---------------------------------------------------------------------
-- C1. TAGIHAN (tanpa nilai_cair/tanggal_cair — digantikan pencairan)
-- ---------------------------------------------------------------------
CREATE TABLE public.tagihan (
    id            bigint GENERATED BY DEFAULT AS IDENTITY PRIMARY KEY,
    proyek_id     bigint       NOT NULL,
    tanggal_tagihan date       NOT NULL,
    no_tagihan    varchar(50)  NOT NULL,
    keterangan    text,
    status_aktif  varchar(30)  NOT NULL DEFAULT 'RENCANA',
    nilai_tagihan numeric(18,2) NOT NULL,
    nilai_dpp     numeric(18,2),
    ppn           numeric(18,2),
    pph           numeric(18,2),
    created_at    timestamp    NOT NULL DEFAULT now(),
    created_by    varchar(100) NOT NULL,
    updated_at    timestamp,
    updated_by    varchar(100),
    is_deleted    boolean      NOT NULL DEFAULT false,
    CONSTRAINT uq_tagihan_no UNIQUE (no_tagihan),
    CONSTRAINT tagihan_proyek_fkey FOREIGN KEY (proyek_id) REFERENCES public.proyek(id),
    CONSTRAINT ck_tagihan_status_aktif CHECK (status_aktif IN
        ('RENCANA','BAST','KIRIM_TAGIHAN','LUNAS','PELUANG','TIDAK_TERTAGIH'))
);

-- ---------------------------------------------------------------------
-- C2. STATUS TAGIHAN (riwayat status per tagihan)
-- ---------------------------------------------------------------------
CREATE TABLE public.status_tagihan (
    id         bigint GENERATED BY DEFAULT AS IDENTITY PRIMARY KEY,
    tagihan_id bigint       NOT NULL,
    status     varchar(30)  NOT NULL,
    tanggal    date         NOT NULL,
    keterangan text,
    created_at timestamp    NOT NULL DEFAULT now(),
    created_by varchar(100) NOT NULL,
    is_deleted boolean      NOT NULL DEFAULT false,
    CONSTRAINT status_tagihan_tagihan_fkey FOREIGN KEY (tagihan_id) REFERENCES public.tagihan(id),
    CONSTRAINT ck_status_tagihan_status CHECK (status IN
        ('RENCANA','BAST','KIRIM_TAGIHAN','LUNAS','PELUANG','TIDAK_TERTAGIH'))
);

-- ---------------------------------------------------------------------
-- C3. PENCAIRAN TAGIHAN (realisasi revenue; bisa bertahap)
-- ---------------------------------------------------------------------
CREATE TABLE public.pencairan_tagihan (
    id               bigint GENERATED BY DEFAULT AS IDENTITY PRIMARY KEY,
    tagihan_id       bigint       NOT NULL,
    tanggal_pencairan date        NOT NULL,
    nilai            numeric(18,2) NOT NULL,
    status           varchar(20)  NOT NULL,
    keterangan       text,
    created_at       timestamp    NOT NULL DEFAULT now(),
    created_by       varchar(100) NOT NULL,
    is_deleted       boolean      NOT NULL DEFAULT false,
    CONSTRAINT pencairan_tagihan_fkey FOREIGN KEY (tagihan_id) REFERENCES public.tagihan(id),
    CONSTRAINT ck_pencairan_status CHECK (status IN ('PARSIAL','FINAL','DIBATALKAN')),
    CONSTRAINT ck_pencairan_nilai CHECK (nilai > 0)
);
CREATE INDEX idx_pencairan_tagihan_id ON public.pencairan_tagihan(tagihan_id);
CREATE INDEX idx_pencairan_tanggal    ON public.pencairan_tagihan(tanggal_pencairan);

-- ---------------------------------------------------------------------
-- C4. PEMBAYARAN (cash-out, terikat proyek)
-- ---------------------------------------------------------------------
CREATE TABLE public.pembayaran (
    id               bigint GENERATED BY DEFAULT AS IDENTITY PRIMARY KEY,
    proyek_id        bigint       NOT NULL,
    kategori_id      bigint       NOT NULL,
    nilai            numeric(18,2) NOT NULL,
    tanggal_pengajuan date        NOT NULL,
    tanggal_realisasi date,
    keterangan       text,
    status           varchar(20)  NOT NULL DEFAULT 'PENGAJUAN',
    approved_by      varchar(100),
    approved_at      timestamp,
    catatan_approval text,
    created_at       timestamp    NOT NULL DEFAULT now(),
    created_by       varchar(100) NOT NULL,
    updated_at       timestamp,
    updated_by       varchar(100),
    is_deleted       boolean      NOT NULL DEFAULT false,
    CONSTRAINT pembayaran_proyek_fkey FOREIGN KEY (proyek_id) REFERENCES public.proyek(id),
    CONSTRAINT pembayaran_kategori_fkey FOREIGN KEY (kategori_id) REFERENCES public.kategori_finansial_keluar(id),
    CONSTRAINT ck_pembayaran_status CHECK (status IN ('PENGAJUAN','APPROVED','REJECTED')),
    CONSTRAINT ck_pembayaran_nilai CHECK (nilai > 0)
);

-- ---------------------------------------------------------------------
-- C5. PENGELUARAN PERUSAHAAN (cash-out, operasional internal)
-- ---------------------------------------------------------------------
CREATE TABLE public.pengeluaran_perusahaan (
    id               bigint GENERATED BY DEFAULT AS IDENTITY PRIMARY KEY,
    unit_id          bigint       NOT NULL,
    kategori_id      bigint       NOT NULL,
    nilai            numeric(18,2) NOT NULL,
    tanggal_pengajuan date        NOT NULL,
    tanggal_realisasi date,
    keterangan       text,
    status           varchar(20)  NOT NULL DEFAULT 'PENGAJUAN',
    approved_by      varchar(100),
    approved_at      timestamp,
    catatan_approval text,
    created_at       timestamp    NOT NULL DEFAULT now(),
    created_by       varchar(100) NOT NULL,
    updated_at       timestamp,
    updated_by       varchar(100),
    is_deleted       boolean      NOT NULL DEFAULT false,
    CONSTRAINT pengeluaran_unit_fkey FOREIGN KEY (unit_id) REFERENCES public.unit(id),
    CONSTRAINT pengeluaran_kategori_fkey FOREIGN KEY (kategori_id) REFERENCES public.kategori_finansial_keluar(id),
    CONSTRAINT ck_pengeluaran_status CHECK (status IN ('PENGAJUAN','APPROVED','REJECTED')),
    CONSTRAINT ck_pengeluaran_nilai CHECK (nilai > 0)
);

-- =====================================================================
-- BAGIAN D — TARGET, RESOURCE, NOMOR SURAT
-- =====================================================================

-- ---------------------------------------------------------------------
-- D1. TARGET SALES UNIT (per triwulan)
-- ---------------------------------------------------------------------
CREATE TABLE public.target_sales_unit (
    id         bigint GENERATED BY DEFAULT AS IDENTITY PRIMARY KEY,
    unit_id    bigint       NOT NULL,
    tahun      integer      NOT NULL,
    target_tw1 numeric(18,2) NOT NULL DEFAULT 0,
    target_tw2 numeric(18,2) NOT NULL DEFAULT 0,
    target_tw3 numeric(18,2) NOT NULL DEFAULT 0,
    target_tw4 numeric(18,2) NOT NULL DEFAULT 0,
    created_at timestamp    NOT NULL DEFAULT now(),
    created_by varchar(100) NOT NULL,
    updated_at timestamp,
    updated_by varchar(100),
    CONSTRAINT uq_target_sales_unit_tahun UNIQUE (unit_id, tahun),
    CONSTRAINT target_sales_unit_fkey FOREIGN KEY (unit_id) REFERENCES public.unit(id)
);

-- ---------------------------------------------------------------------
-- D2. TARGET REVENUE UNIT (per triwulan)
-- ---------------------------------------------------------------------
CREATE TABLE public.target_revenue_unit (
    id         bigint GENERATED BY DEFAULT AS IDENTITY PRIMARY KEY,
    unit_id    bigint       NOT NULL,
    tahun      integer      NOT NULL,
    target_tw1 numeric(18,2) NOT NULL DEFAULT 0,
    target_tw2 numeric(18,2) NOT NULL DEFAULT 0,
    target_tw3 numeric(18,2) NOT NULL DEFAULT 0,
    target_tw4 numeric(18,2) NOT NULL DEFAULT 0,
    created_at timestamp    NOT NULL DEFAULT now(),
    created_by varchar(100) NOT NULL,
    updated_at timestamp,
    updated_by varchar(100),
    CONSTRAINT uq_target_revenue_unit_tahun UNIQUE (unit_id, tahun),
    CONSTRAINT target_revenue_unit_fkey FOREIGN KEY (unit_id) REFERENCES public.unit(id)
);

-- ---------------------------------------------------------------------
-- D3. RESOURCE UNIT (1 baris per unit; nama diambil via JOIN ke unit)
-- ---------------------------------------------------------------------
CREATE TABLE public.resource_unit (
    id                 bigint GENERATED BY DEFAULT AS IDENTITY PRIMARY KEY,
    unit_id            bigint       NOT NULL,
    lead_id            bigint,
    jumlah             integer      NOT NULL DEFAULT 0,
    kapasitas_terpakai numeric(5,2) NOT NULL DEFAULT 0,
    status             varchar(20)  NOT NULL DEFAULT 'AKTIF',
    created_at         timestamp    NOT NULL DEFAULT now(),
    created_by         varchar(100) NOT NULL,
    updated_at         timestamp,
    updated_by         varchar(100),
    is_deleted         boolean      NOT NULL DEFAULT false,
    CONSTRAINT uq_resource_unit_unit UNIQUE (unit_id),
    CONSTRAINT resource_unit_unit_fkey FOREIGN KEY (unit_id) REFERENCES public.unit(id),
    CONSTRAINT resource_unit_lead_fkey FOREIGN KEY (lead_id) REFERENCES public.karyawan(id),
    CONSTRAINT ck_resource_unit_status CHECK (status IN ('AKTIF','TIDAK_AKTIF'))
);

-- ---------------------------------------------------------------------
-- D4. NOMOR SURAT
-- ---------------------------------------------------------------------
CREATE TABLE public.nomor_surat (
    id                bigint GENERATED BY DEFAULT AS IDENTITY PRIMARY KEY,
    no_surat          varchar(60)  NOT NULL,
    kategori_surat_id bigint       NOT NULL,
    tanggal           date         NOT NULL,
    tahun             integer      NOT NULL,
    tujuan            varchar(200) NOT NULL,
    proyek_id         bigint,
    perihal           varchar(255) NOT NULL,
    keterangan        text,
    is_dibatalkan     boolean      NOT NULL DEFAULT false,
    alasan_pembatalan text,
    created_at        timestamp    NOT NULL DEFAULT now(),
    created_by        varchar(100) NOT NULL,
    updated_at        timestamp,
    updated_by        varchar(100),
    is_deleted        boolean      NOT NULL DEFAULT false,
    CONSTRAINT uq_nomor_surat_no UNIQUE (no_surat),
    CONSTRAINT nomor_surat_kategori_fkey FOREIGN KEY (kategori_surat_id) REFERENCES public.kategori_surat(id),
    CONSTRAINT nomor_surat_proyek_fkey FOREIGN KEY (proyek_id) REFERENCES public.proyek(id)
);

-- =====================================================================
-- BAGIAN E — NOTIFIKASI & AUDIT
-- =====================================================================

-- ---------------------------------------------------------------------
-- E1. NOTIFICATION (in-app)
-- ---------------------------------------------------------------------
CREATE TABLE public.notification (
    id                    bigint GENERATED BY DEFAULT AS IDENTITY PRIMARY KEY,
    recipient_karyawan_id bigint       NOT NULL,
    kategori              varchar(20)  NOT NULL,
    judul                 varchar(200) NOT NULL,
    pesan                 text         NOT NULL,
    ref_table             varchar(50),
    ref_id                bigint,
    link_label            varchar(100),
    is_read               boolean      NOT NULL DEFAULT false,
    read_at               timestamp,
    created_at            timestamp    NOT NULL DEFAULT now(),
    CONSTRAINT notification_recipient_fkey FOREIGN KEY (recipient_karyawan_id) REFERENCES public.karyawan(id),
    CONSTRAINT ck_notification_kategori CHECK (kategori IN ('PENUGASAN','STATUS','SISTEM'))
);
CREATE INDEX idx_notification_recipient ON public.notification(recipient_karyawan_id, is_read);

-- ---------------------------------------------------------------------
-- E2. NOTIFICATION EMAIL LOG
-- ---------------------------------------------------------------------
CREATE TABLE public.notification_email_log (
    id              bigint GENERATED BY DEFAULT AS IDENTITY PRIMARY KEY,
    notification_id bigint,
    email_tujuan    varchar(150) NOT NULL,
    status          varchar(20)  NOT NULL DEFAULT 'PENDING',
    attempt_no      integer      NOT NULL DEFAULT 1,
    error_message   text,
    created_at      timestamp    NOT NULL DEFAULT now(),
    sent_at         timestamp,
    CONSTRAINT nel_notification_fkey FOREIGN KEY (notification_id) REFERENCES public.notification(id),
    CONSTRAINT ck_nel_status CHECK (status IN ('PENDING','SENT','FAILED'))
);

-- ---------------------------------------------------------------------
-- E3. AUDIT LOG (append-only)
-- ---------------------------------------------------------------------
CREATE TABLE public.audit_log (
    id         bigint GENERATED BY DEFAULT AS IDENTITY PRIMARY KEY,
    table_name varchar(50)  NOT NULL,
    record_id  varchar(60)  NOT NULL,
    aksi       varchar(20)  NOT NULL,
    aktor      varchar(100) NOT NULL,
    ip_address varchar(50),
    perubahan  text,
    waktu      timestamp    NOT NULL DEFAULT now(),
    CONSTRAINT ck_audit_log_aksi CHECK (aksi IN ('CREATE','UPDATE','DELETE'))
);
CREATE INDEX idx_audit_log_table  ON public.audit_log(table_name);
CREATE INDEX idx_audit_log_waktu  ON public.audit_log(waktu);

-- =====================================================================
-- BAGIAN F — VIEW (dibuat setelah seluruh tabel ada)
-- =====================================================================

-- F1. Unit + tipe_unit computed
CREATE VIEW public.v_unit AS
SELECT u.*,
    CASE WHEN EXISTS (
        SELECT 1 FROM public.unit c
        WHERE c.parent_unit_id = u.id AND c.is_deleted = false
    ) THEN 'STRUKTURAL' ELSE 'OPERASIONAL' END AS tipe_unit
FROM public.unit u
WHERE u.is_deleted = false;

-- F2. Kontrak payung + status berlaku computed
CREATE VIEW public.v_kontrak_payung AS
SELECT kp.*,
    CASE WHEN kp.tanggal_selesai >= CURRENT_DATE THEN 'BERLAKU'
         ELSE 'KEDALUWARSA' END AS status_berlaku
FROM public.kontrak_payung kp
WHERE kp.is_deleted = false;

-- F3. Realisasi Revenue per unit per triwulan (cash-basis)
CREATE VIEW public.v_realisasi_revenue_tw AS
SELECT
    p.unit_id,
    EXTRACT(YEAR FROM pt.tanggal_pencairan)::int AS tahun,
    CEIL(EXTRACT(MONTH FROM pt.tanggal_pencairan) / 3.0)::int AS triwulan,
    SUM(pt.nilai) AS realisasi
FROM public.pencairan_tagihan pt
JOIN public.tagihan t ON t.id = pt.tagihan_id AND t.is_deleted = false
JOIN public.proyek  p ON p.id = t.proyek_id  AND p.is_deleted = false
WHERE pt.status IN ('PARSIAL','FINAL') AND pt.is_deleted = false
GROUP BY p.unit_id, EXTRACT(YEAR FROM pt.tanggal_pencairan),
         CEIL(EXTRACT(MONTH FROM pt.tanggal_pencairan) / 3.0);

-- F4. Realisasi Sales per unit per triwulan (deal-basis)
CREATE VIEW public.v_realisasi_sales_tw AS
SELECT
    p.unit_id,
    EXTRACT(YEAR FROM p.tanggal_deal)::int AS tahun,
    CEIL(EXTRACT(MONTH FROM p.tanggal_deal) / 3.0)::int AS triwulan,
    SUM(p.nilai_bersih) AS realisasi
FROM public.proyek p
WHERE p.status = 'DEAL_KONTRAK' AND p.tanggal_deal IS NOT NULL AND p.is_deleted = false
GROUP BY p.unit_id, EXTRACT(YEAR FROM p.tanggal_deal),
         CEIL(EXTRACT(MONTH FROM p.tanggal_deal) / 3.0);

-- F5. Posisi Kas (bertitik-tolak dari saldo awal kas terakhir)
CREATE VIEW public.v_posisi_kas AS
WITH saldo AS (
    SELECT nilai, tanggal FROM public.saldo_awal_kas
    ORDER BY tanggal DESC, id DESC LIMIT 1
),
inflow AS (
    SELECT COALESCE(SUM(pt.nilai),0) AS total
    FROM public.pencairan_tagihan pt
    WHERE pt.status IN ('PARSIAL','FINAL') AND pt.is_deleted = false
      AND pt.tanggal_pencairan >= (SELECT tanggal FROM saldo)
),
out_bayar AS (
    SELECT COALESCE(SUM(nilai),0) AS total FROM public.pembayaran
    WHERE status = 'APPROVED' AND tanggal_realisasi IS NOT NULL
      AND tanggal_realisasi >= (SELECT tanggal FROM saldo)
),
out_keluar AS (
    SELECT COALESCE(SUM(nilai),0) AS total FROM public.pengeluaran_perusahaan
    WHERE status = 'APPROVED' AND tanggal_realisasi IS NOT NULL
      AND tanggal_realisasi >= (SELECT tanggal FROM saldo)
)
SELECT
    (SELECT tanggal FROM saldo) AS tanggal_saldo_awal,
    (SELECT nilai FROM saldo)   AS saldo_awal,
    (SELECT total FROM inflow)  AS total_inflow,
    (SELECT total FROM out_bayar) + (SELECT total FROM out_keluar) AS total_outflow,
    (SELECT nilai FROM saldo)
        + (SELECT total FROM inflow)
        - (SELECT total FROM out_bayar)
        - (SELECT total FROM out_keluar) AS posisi_kas;

-- =====================================================================
-- BAGIAN G — FUNGSI BANTU
-- =====================================================================

-- G1. Penentu unit approver untuk Pembayaran/Pengeluaran Perusahaan.
--     Aturan: Finance (unit 11) menyetujui semua KECUALI pengajuan dari
--     unit Finance sendiri, yang diteruskan ke Direktur Utama (unit 1).
CREATE OR REPLACE FUNCTION public.fn_unit_approver(pengaju_unit_id bigint)
RETURNS bigint AS $$
    SELECT CASE WHEN pengaju_unit_id = 11 THEN 1 ELSE 11 END;
$$ LANGUAGE sql IMMUTABLE;

COMMIT;

-- =====================================================================
-- CATATAN IMPLEMENTASI (di luar skema DB — untuk tim backend):
--   1. tanggal_deal WAJIB diisi backend = tanggal transisi saat status
--      proyek berubah menjadi DEAL_KONTRAK (di titik logic yang sama
--      dengan penulisan log_status).
--   2. Operasi tulis User/Role/Permission memakai App-level credential
--      ke SCIM2 Identity Server; portal tidak menyimpan CRUD user di DB
--      ini (hanya user_cache read-only).
--   3. Label "Existing" pada customer dihitung on-the-fly: EXISTS proyek
--      lain milik customer dgn status=DEAL_KONTRAK (proyek berjalan tidak
--      dihitung); proyek pertama customer selalu "Baru".
--   4. Realisasi pencairan yang sudah PARSIAL/FINAL bersifat final; jika
--      sisa tagihan menjadi TIDAK_TERTAGIH, pencairan yg sudah ada tetap.
--   5. Approval Pembayaran/Pengeluaran yang REJECTED dapat direvisi pada
--      record yang sama (status kembali ke PENGAJUAN), tidak input ulang.
--   6. Export Excel/PDF hanya untuk Super Admin, Direktur, Manager,
--      Finance — divalidasi di API, bukan hanya UI.
-- =====================================================================
